{
  "timestamp": 1758635905.776374,
  "original_length": 838,
  "processed_length": 827,
  "processing_time": 0.013884100000723265
}