{
  "timestamp": 1760124168.800897,
  "original_length": 838,
  "processed_length": 827,
  "processing_time": 0.00020789999689441174
}